Question,Answer
1. What is the title of the project report submitted by Raghav Kapil for the BDM capstone project?,"The title of the project report submitted by Raghav Kapil for the BDM capstone project is ""Navigating Change: Modern Solutions for Votary India's Challenges""."
"2. Who is the pharmaceutical company mentioned in the text, and where is it headquartered?","The pharmaceutical company mentioned in the text is VOTARY INDIA LABORATORIES, and it is headquartered in Baroda, Gujarat."
3. What are some of the challenges faced by Votary India Laboratories in the evolving pharmaceutical industry?,"Some of the challenges faced by Votary India Laboratories in the evolving pharmaceutical industry include:

1. Struggling with declining sales due to the shift towards an incentive-driven market where doctors are influenced by gifts or cash incentives.
2. Reliance on traditional sales methods and lack of digital tools, hindering efficient market analysis and targeting growth opportunities.
3. Difficulty in maintaining market share due to the industry's move from product-centric sales to incentive-driven approaches.
4. Lack of modern digital tools for market analysis and data processing, making it challenging to respond to market trends and customer needs effectively."
4. What are the proposed solutions to address the challenges faced by Votary India Laboratories?,"The proposed solutions to address the challenges faced by Votary India Laboratories include:

1. Ethical Targeting: Focus on building relationships with ethical and respected doctors who prioritize patient care and product efficacy.
   
2. Product Portfolio Management: Phase out older, less profitable products and focus on developing and promoting newer, more innovative offerings.
   
3. Digital Modernization: Equip the sales team with modern tools, such as tablets, to improve product presentations and engage more effectively with doctors. Digital tools will also streamline market analysis and data processing, enhancing overall operational efficiency.
   
4. Expansion of Offices: Increase the number of company offices in other districts within Gujarat and Rajasthan, as well as in other states. This expansion will strengthen the company's market presence, enable better customer reach, and provide more localized support to healthcare providers."
5. What methods are employed in the problem-solving approach outlined in the report?,"The methods employed in the problem-solving approach outlined in the report are:

1. Ethical Targeting: Focus on building relationships with ethical and respected doctors who prioritize patient care and product efficacy.
2. Product Portfolio Management: Phase out older, less profitable products and focus on developing and promoting newer, more innovative offerings.
3. Digital Modernization: Equip the sales team with modern tools, such as tablets, to improve product presentations and engage more effectively with doctors. Digital tools will also streamline market analysis and data processing, enhancing overall operational efficiency.
4. Expansion of Offices: Increase the number of company offices in other districts within Gujarat and Rajasthan, as well as in other states. This expansion will strengthen the company's market presence, enable better customer reach, and provide more localized support to healthcare providers."
6. How does Votary India Laboratories plan to enhance operational efficiency and expand its market reach?,"Votary India Laboratories plans to enhance operational efficiency and expand its market reach through several strategies:

1. **Ethical Targeting**: By focusing on building relationships with ethical and respected doctors who prioritize patient care and product efficacy, the company aims to enhance consumer confidence and trust in its products.

2. **Product Portfolio Management**: Votary India intends to phase out older, less profitable products and concentrate on developing and promoting newer, more innovative offerings to stay competitive and meet evolving market demands.

3. **Digital Modernization**: Equipping the sales team with modern tools like tablets to improve product presentations and engage more effectively with doctors. Digital tools will also streamline market analysis and data processing, enhancing overall operational efficiency.

4. **Expansion of Offices**: The company plans to increase the number of offices in other districts within Gujarat and Rajasthan, as well as in other states. This expansion will strengthen market presence, enable better customer reach, and provide more localized support to healthcare providers."
"7. What data collection techniques are mentioned in the report, and why are they important for the project?","The data collection techniques mentioned in the report are:

1. Sale Records: Analyzing sales records to identify trends, customer preferences, and market dynamics.
2. Market Research: Conducting comprehensive market research to gather data on industry trends, competitor activities, and consumer behavior.
3. In-Depth Interviews: Conducting interviews with key stakeholders, including doctors, healthcare providers, and customers, to gain qualitative insights into their preferences, expectations, and challenges.

These data collection techniques are important for the project because they provide valuable insights into the current market landscape, customer behavior, and competitor activities. Analyzing sales records helps in understanding the effectiveness of current sales strategies and areas for improvement. Market research helps in identifying industry trends and growth opportunities. In-depth interviews provide qualitative insights that can complement quantitative data, offering a more holistic understanding of the challenges and opportunities faced by Votary India Laboratories."
8. How will the SWOT analysis framework be utilized in evaluating Votary India Laboratories' performance?,"The SWOT analysis framework will be employed to systematically evaluate Votary India Laboratories' internal strengths and weaknesses, as well as external opportunities and threats. This analysis will provide a visual representation of critical factors influencing the company's performance, offering a comprehensive view of the business environment."
9. What are the expected outcomes of the strategic interventions proposed in the report?,"The anticipated outcomes of the strategic interventions proposed in the report for VOTARY INDIA LABORATORIES include a substantial surge in sales and revenue, driven by targeted marketing endeavors and modern sales strategies. The implementation of digital tools and technology is expected to revolutionize operational efficiency, leading to streamlined processes and elevated customer service standards. Through comprehensive education initiatives, healthcare providers are expected to gain a profound appreciation for the efficacy and quality of Votary India's pharmaceutical products, potentially enhancing their preference for the company's offerings over competitors. Diversification efforts guided by market research insights are expected to refine and expand the product portfolio to cater to a wider spectrum of customer needs, enhancing market competitiveness. Strategic collaborations with healthcare institutions and professionals are envisioned to create fresh avenues for business expansion and fortify Votary India's standing within the industry. Overall, these interventions aim to position VOTARY INDIA LABORATORIES as a dynamic force in the pharmaceutical industry, equipped to navigate evolving market dynamics and poised for sustained growth and success."
10. How does Votary India Laboratories plan to position itself as a leader in the pharmaceutical industry?,"Votary India Laboratories plans to position itself as a leader in the pharmaceutical industry through a comprehensive strategy. This strategy includes focusing on ethical targeting, managing the product portfolio effectively, modernizing digitally, and expanding its offices to reach more customers. By enhancing operational efficiency, broadening the customer base, and emphasizing quality and innovation, Votary India aims to establish itself as a competitive and reputable player in the pharmaceutical market."
